{
  "list": {
    "济南市": {
      "data1": [
        14.5,
        14.6,
        15.2,
        13.9,
        14.7,
        14.4,
        15.3,
        15.0,
        14.6,
        14.8,
        14.3,
        14.1,
        14.3,
        14.8,
        14.8,
        14.4,
        15.4,
        15.7,
        15.4,
        15.0
      ]
    },
    "青岛市": {
      "data1": [
        13.2,
        13.2,
        13.6,
        12.5,
        13.6,
        12.8,
        13.6,
        13.8,
        12.9,
        13.2,
        12.8,
        12.8,
        13.8,
        12.8,
        13.8,
        13.7,
        13.9,
        14.1,
        13.5,
        13.9
      ],
      "data2": [
        17.1785606634008,
        25.2771335736242,
        23.8653419051356,
        30.1725029903148,
        37.1717835301674,
        50.9659055150972,
        56.2088244506353,
        60.5475903358771,
        64.9397196875868,
        67.527800602096,
        71.1834720636835,
        71.884253438724,
        72.6994500950674,
        68.6611848726188,
        69.5036122007399,
        70.3241628136325,
        72.7834078725315,
        71.7193816422245,
        76.9773446155416,
        83.268241453505
      ]
    },
    "淄博市": {
      "data1": [
        15.0,
        15.0,
        15.4,
        14.6,
        15.1,
        14.7,
        15.8,
        15.4,
        14.8,
        13.4,
        13.0,
        13.0,
        13.2,
        13.5,
        14.6,
        14.3,
        14.2,
        14.6,
        14.2,
        14.7
      ],
      "data2": [
        10.8930250357281,
        15.6091923628068,
        14.6168096229364,
        18.4194797503269,
        22.7477466736036,
        31.5865398778705,
        34.3975230686689,
        36.7581169065433,
        39.1757581053433,
        40.695137431701,
        42.7653339800591,
        42.9447014539346,
        43.2641766928448,
        40.8014931667829,
        41.5914471314827,
        41.0197378461283,
        42.2047736379072,
        41.427913593171,
        44.2684598663504,
        47.6492431778485
      ]
    },
    "枣庄市": {
      "data1": [
        14.9,
        14.8,
        15.3,
        14.1,
        15.3,
        14.4,
        15.3,
        15.0,
        14.1,
        14.4,
        14.3,
        14.3,
        14.5,
        14.8,
        15.2,
        15.1,
        15.4,
        15.7,
        15.5,
        15.7
      ],
      "data2": [
        6.69824147254039,
        9.3251691095346,
        8.46629314680644,
        10.4488462801423,
        12.9160654090421,
        18.1867458459713,
        19.5979679525585,
        21.4540722876138,
        23.1208111233625,
        24.0181582188055,
        25.4510352694511,
        26.1418848160399,
        26.3593648032689,
        24.9045265167684,
        25.8113058855416,
        25.2827641569082,
        26.084149556363,
        25.7803785112884,
        27.5118506502774,
        29.6710798232447
      ]
    },
    "东营市": {
      "data1": [
        13.9,
        13.9,
        14.1,
        13.4,
        14.1,
        13.5,
        14.3,
        14.3,
        13.9,
        13.9,
        13.4,
        13.5,
        13.5,
        13.7,
        14.5,
        14.3,
        14.5,
        14.7,
        14.2,
        14.5
      ],
      "data2": [
        10.5131383639986,
        15.1612665414614,
        14.1817279291214,
        17.8740225487931,
        21.7571771397656,
        29.8213778703316,
        32.1298236267219,
        34.9083736357526,
        37.2718405256881,
        38.7108184348204,
        41.063419163276,
        41.8386050974553,
        42.535974058116,
        40.2010650951314,
        41.3692753175817,
        41.2383738138373,
        43.1172408172099,
        41.9471488584914,
        44.9683206078,
        48.3981328927416
      ]
    },
    "烟台市": {
      "data1": [
        13.4,
        13.6,
        13.7,
        13.0,
        14.0,
        13.2,
        12.9,
        13.3,
        12.6,
        12.8,
        12.0,
        12.1,
        12.1,
        12.5,
        13.4,
        13.3,
        13.3,
        13.5,
        12.9,
        13.6
      ],
      "data2": [
        15.6891772627772,
        22.6217712524469,
        20.9637221190092,
        26.6937758098896,
        32.7537528508535,
        45.4798074106108,
        49.6158434164995,
        53.3610440572072,
        57.3265309414816,
        59.5610488636823,
        63.0086418880389,
        64.1574918388344,
        64.9755488184527,
        62.0818142060148,
        63.2302860870327,
        62.4729861898876,
        64.8359842738843,
        63.7164019798177,
        68.2900753739547,
        73.8180738603769
      ]
    },
    "潍坊市": {
      "data1": [
        12.8,
        12.7,
        13.1,
        12.3,
        13.1,
        12.5,
        13.5,
        13.6,
        13.0,
        13.4,
        13.0,
        13.0,
        12.9,
        13.2,
        14.2,
        14.0,
        14.4,
        14.7,
        13.4,
        14.2
      ],
      "data2": [
        17.4172110669142,
        24.7908141104493,
        22.9691357362724,
        28.953048766336,
        36.0474662111698,
        50.238755721297,
        57.0823540304868,
        62.4190678960434,
        66.97681499222,
        69.8343496524073,
        74.8809524913334,
        76.9784816907282,
        78.2438780360527,
        74.2008384611424,
        76.425473508347,
        76.1673567541743,
        79.0204741015942,
        78.3344654214429,
        84.1363578438844,
        91.0971321211964
      ]
    },
    "济宁市": {
      "data1": [
        14.9,
        14.4,
        15.0,
        13.8,
        14.6,
        14.0,
        14.9,
        14.7,
        14.1,
        14.5,
        14.8,
        14.4,
        14.8,
        15.1,
        15.1,
        14.9,
        15.7,
        16.0,
        15.9,
        15.5
      ],
      "data2": [
        13.0863133029945,
        18.3373838602382,
        17.3521378885273,
        21.4454789091962,
        26.1400293651702,
        36.1313437509004,
        38.6723569194925,
        42.1329549208299,
        45.2597467215764,
        47.2324583380671,
        50.4350487959112,
        51.6985954195992,
        52.7543695529907,
        50.1219361301443,
        53.1630864005551,
        53.0248449990645,
        54.442173857976,
        54.4138078993736,
        58.4590187175745,
        62.9538065808797
      ]
    },
    "泰安市": {
      "data1": [
        13.6,
        13.6,
        14.2,
        13.2,
        13.9,
        13.2,
        14.2,
        14.0,
        13.3,
        13.6,
        13.5,
        13.3,
        13.4,
        13.6,
        14.4,
        14.3,
        14.5,
        14.7,
        14.6,
        13.5
      ],
      "data2": [
        8.96987840169158,
        12.6043291577579,
        11.5752994844054,
        14.3478389905456,
        17.675083280208,
        24.2818613182101,
        26.2382131327305,
        28.1107158919825,
        30.0532218094868,
        31.1976498533227,
        32.8951878818804,
        33.1582707429029,
        33.5444384148665,
        31.7273139691771,
        33.0790292297555,
        32.5262911573039,
        34.0683756270563,
        34.7801531342444,
        37.2950811306725,
        40.0015858488351
      ]
    },
    "威海市": {
      "data1": [
        13.0,
        13.3,
        13.2,
        12.6,
        13.6,
        12.9,
        13.4,
        13.8,
        13.0,
        13.3,
        12.3,
        12.3,
        12.5,
        13.0,
        12.9,
        13.0,
        13.8,
        14.0,
        14.2,
        13.3
      ],